company_name,job_title,job_link,date_scraped
Digital Janet,Software Developer,https://www.linkedin.com/jobs/view/software-developer-at-digital-janet-4001225929?position=5&pageNum=0&refId=jAK6OAr2tWJ%2F9o7NytdsPw%3D%3D&trackingId=gcPGVlvMj8pgkmfuQok6oA%3D%3D&trk=public_jobs_jserp-result_search-card,2024-08-16 04:19:14.306370
Hitachi Vantara,Full Stack Developer,https://www.linkedin.com/jobs/view/full-stack-developer-at-hitachi-vantara-4000797743?position=12&pageNum=0&refId=jAK6OAr2tWJ%2F9o7NytdsPw%3D%3D&trackingId=yKp0Qyffo6qATrgD87UsoQ%3D%3D&trk=public_jobs_jserp-result_search-card,2024-08-16 04:19:14.306370
LHH,Frontend Developer,https://www.linkedin.com/jobs/view/frontend-developer-at-lhh-3999615551?position=14&pageNum=0&refId=jAK6OAr2tWJ%2F9o7NytdsPw%3D%3D&trackingId=8JcsiybCxqut8JqGBk7P3Q%3D%3D&trk=public_jobs_jserp-result_search-card,2024-08-16 04:19:14.306370
Lighthouse,Software Development Engineer I,https://www.linkedin.com/jobs/view/software-development-engineer-i-at-lighthouse-3998505038?position=15&pageNum=0&refId=jAK6OAr2tWJ%2F9o7NytdsPw%3D%3D&trackingId=g%2BBV8pvV0cff4lNoacAvnw%3D%3D&trk=public_jobs_jserp-result_search-card,2024-08-16 04:19:14.306370
KnowBe4,Full Stack Developer (Remote),https://www.linkedin.com/jobs/view/full-stack-developer-remote-at-knowbe4-3967712257?position=16&pageNum=0&refId=jAK6OAr2tWJ%2F9o7NytdsPw%3D%3D&trackingId=3eYvSUZKACpLl0wGc8yjIg%3D%3D&trk=public_jobs_jserp-result_search-card,2024-08-16 04:19:14.306370
SnapTryAI,Software Engineer,https://www.linkedin.com/jobs/view/software-engineer-at-snaptryai-3999397548?position=17&pageNum=0&refId=jAK6OAr2tWJ%2F9o7NytdsPw%3D%3D&trackingId=grUoy%2BT%2BHvzTacWZjO4EyA%3D%3D&trk=public_jobs_jserp-result_search-card,2024-08-16 04:19:14.306370
Greenway Health,Associate Software Engineer,https://www.linkedin.com/jobs/view/associate-software-engineer-at-greenway-health-3966736654?position=20&pageNum=0&refId=jAK6OAr2tWJ%2F9o7NytdsPw%3D%3D&trackingId=s4RXEiZoaLqpl%2BeMlVMFJA%3D%3D&trk=public_jobs_jserp-result_search-card,2024-08-16 04:19:14.306370
SnapTryAI,Software Engineer,https://www.linkedin.com/jobs/view/software-engineer-at-snaptryai-3999395546?position=21&pageNum=0&refId=jAK6OAr2tWJ%2F9o7NytdsPw%3D%3D&trackingId=N5oVdQ1ZRxvCqT10DalYSg%3D%3D&trk=public_jobs_jserp-result_search-card,2024-08-16 04:19:14.306370
KnowBe4,"Software Engineer, Developer Experience (Remote)",https://www.linkedin.com/jobs/view/software-engineer-developer-experience-remote-at-knowbe4-3967734864?position=22&pageNum=0&refId=jAK6OAr2tWJ%2F9o7NytdsPw%3D%3D&trackingId=PplYwcKCX5WO79aQjJ3MaQ%3D%3D&trk=public_jobs_jserp-result_search-card,2024-08-16 04:19:14.306370
CCC Intelligent Solutions,Software Engineer Intern,https://www.linkedin.com/jobs/view/software-engineer-intern-at-ccc-intelligent-solutions-4002098947?position=23&pageNum=0&refId=jAK6OAr2tWJ%2F9o7NytdsPw%3D%3D&trackingId=k81Zmyus74UOVZgq%2BPqKEA%3D%3D&trk=public_jobs_jserp-result_search-card,2024-08-16 04:19:14.306370
SnapTryAI,Software Engineer,https://www.linkedin.com/jobs/view/software-engineer-at-snaptryai-3999392773?position=28&pageNum=0&refId=jAK6OAr2tWJ%2F9o7NytdsPw%3D%3D&trackingId=H734Nkg4DIIjJ84vMwT3vw%3D%3D&trk=public_jobs_jserp-result_search-card,2024-08-16 04:19:14.306370
Fanatics,Software Engineer II - Remote,https://www.linkedin.com/jobs/view/software-engineer-ii-remote-at-fanatics-4002055751?position=29&pageNum=0&refId=jAK6OAr2tWJ%2F9o7NytdsPw%3D%3D&trackingId=yfCzG7Rxgc%2FabaNVF5%2Bidg%3D%3D&trk=public_jobs_jserp-result_search-card,2024-08-16 04:19:14.306370
Trust & Will,Software Engineer II (Remote U.S.),https://www.linkedin.com/jobs/view/software-engineer-ii-remote-u-s-at-trust-will-4002043667?position=30&pageNum=0&refId=jAK6OAr2tWJ%2F9o7NytdsPw%3D%3D&trackingId=IKveFhHR5PW2wT55U2oatw%3D%3D&trk=public_jobs_jserp-result_search-card,2024-08-16 04:19:14.306370
Modis,Java Developer Job- Fully Remote:,https://www.linkedin.com/jobs/view/java-developer-job-fully-remote-at-modis-3981622638?position=31&pageNum=0&refId=jAK6OAr2tWJ%2F9o7NytdsPw%3D%3D&trackingId=RcFOXZP56Wfbym3kevIefw%3D%3D&trk=public_jobs_jserp-result_search-card,2024-08-16 04:19:14.306370
ConsultNet Technology Services and Solutions,Software Engineer,https://www.linkedin.com/jobs/view/software-engineer-at-consultnet-technology-services-and-solutions-4000462708?position=32&pageNum=0&refId=jAK6OAr2tWJ%2F9o7NytdsPw%3D%3D&trackingId=mJCMy1PCTBDVG1NYGKCXWw%3D%3D&trk=public_jobs_jserp-result_search-card,2024-08-16 04:19:14.306370
U.S. News & World Report,Software Developer,https://www.linkedin.com/jobs/view/software-developer-at-u-s-news-world-report-3983196514?position=33&pageNum=0&refId=jAK6OAr2tWJ%2F9o7NytdsPw%3D%3D&trackingId=jy3%2Fywe6EGEvgJfR7weatQ%3D%3D&trk=public_jobs_jserp-result_search-card,2024-08-16 04:19:14.306370
BD,Software Engineer (Remote),https://www.linkedin.com/jobs/view/software-engineer-remote-at-bd-4002063077?position=34&pageNum=0&refId=jAK6OAr2tWJ%2F9o7NytdsPw%3D%3D&trackingId=igVlAIXWHl9dG71rqvg3cQ%3D%3D&trk=public_jobs_jserp-result_search-card,2024-08-16 04:19:14.306370
Included Health,Backend Engineer (Mexico),https://www.linkedin.com/jobs/view/backend-engineer-mexico-at-included-health-3868558435?position=36&pageNum=0&refId=jAK6OAr2tWJ%2F9o7NytdsPw%3D%3D&trackingId=P5hwwKWMEg7wpro0N%2BAvHA%3D%3D&trk=public_jobs_jserp-result_search-card,2024-08-16 04:19:14.306370
Tech Observer,Python Developer,https://www.linkedin.com/jobs/view/python-developer-at-tech-observer-4000729847?position=37&pageNum=0&refId=jAK6OAr2tWJ%2F9o7NytdsPw%3D%3D&trackingId=DgQsevopLKCAFWXi3QG%2BQg%3D%3D&trk=public_jobs_jserp-result_search-card,2024-08-16 04:19:14.306370
Dapper Labs,Backend Engineer,https://www.linkedin.com/jobs/view/backend-engineer-at-dapper-labs-4000175876?position=38&pageNum=0&refId=jAK6OAr2tWJ%2F9o7NytdsPw%3D%3D&trackingId=Dkly7HET9I14z67DT7Rkjg%3D%3D&trk=public_jobs_jserp-result_search-card,2024-08-16 04:19:14.306370
Marlee (Fingerprint For Success),Expression of Interest - Front End Engineer,https://www.linkedin.com/jobs/view/expression-of-interest-front-end-engineer-at-marlee-fingerprint-for-success-3999318631?position=40&pageNum=0&refId=jAK6OAr2tWJ%2F9o7NytdsPw%3D%3D&trackingId=tcJq8g8CeSivahuHAG66zQ%3D%3D&trk=public_jobs_jserp-result_search-card,2024-08-16 04:19:14.306370
PayNearMe,"Software Engineer (Core Apps, Rails) - Remote",https://www.linkedin.com/jobs/view/software-engineer-core-apps-rails-remote-at-paynearme-4002038465?position=41&pageNum=0&refId=jAK6OAr2tWJ%2F9o7NytdsPw%3D%3D&trackingId=9oLlOkz6PgMckZMR6xowUw%3D%3D&trk=public_jobs_jserp-result_search-card,2024-08-16 04:19:14.306370
Tenstorrent,"Software Developer, Metal Runtime",https://www.linkedin.com/jobs/view/software-developer-metal-runtime-at-tenstorrent-3965977600?position=42&pageNum=0&refId=jAK6OAr2tWJ%2F9o7NytdsPw%3D%3D&trackingId=ZZ7SNzfTQuOZR%2FRkaUsCUg%3D%3D&trk=public_jobs_jserp-result_search-card,2024-08-16 04:19:14.306370
Boston Bioprocess,BackEnd/Full-Stack Software Engineer,https://www.linkedin.com/jobs/view/backend-full-stack-software-engineer-at-boston-bioprocess-3999626238?position=46&pageNum=0&refId=jAK6OAr2tWJ%2F9o7NytdsPw%3D%3D&trackingId=iBHjt%2BXdIgWMDJ1jYWH5Lg%3D%3D&trk=public_jobs_jserp-result_search-card,2024-08-16 04:19:14.306370
Marlee (Fingerprint For Success),Expression of Interest - Software Engineer,https://www.linkedin.com/jobs/view/expression-of-interest-software-engineer-at-marlee-fingerprint-for-success-3999315772?position=47&pageNum=0&refId=jAK6OAr2tWJ%2F9o7NytdsPw%3D%3D&trackingId=BijqWTx7wm6U0MQzlnQc5Q%3D%3D&trk=public_jobs_jserp-result_search-card,2024-08-16 04:19:14.306370
ATD Technology LLC full-service Staffing & Recruiting Agency,Application Developer (Remote),https://www.linkedin.com/jobs/view/application-developer-remote-at-atd-technology-llc-full-service-staffing-recruiting-agency-4000442794?position=48&pageNum=0&refId=jAK6OAr2tWJ%2F9o7NytdsPw%3D%3D&trackingId=KTZpsm7UabiGFiYejLCU1w%3D%3D&trk=public_jobs_jserp-result_search-card,2024-08-16 04:19:14.306370
SnapTryAI,Software Quality Assurance Engineer,https://www.linkedin.com/jobs/view/software-quality-assurance-engineer-at-snaptryai-3999397499?position=49&pageNum=0&refId=jAK6OAr2tWJ%2F9o7NytdsPw%3D%3D&trackingId=QkxisGcsdZ83jzO14UII5A%3D%3D&trk=public_jobs_jserp-result_search-card,2024-08-16 04:19:14.306370
SnapTryAI,Software Quality Assurance Engineer,https://www.linkedin.com/jobs/view/software-quality-assurance-engineer-at-snaptryai-3999325566?position=50&pageNum=0&refId=jAK6OAr2tWJ%2F9o7NytdsPw%3D%3D&trackingId=1ZQ1tYxk%2FTMI2dwdEfFDug%3D%3D&trk=public_jobs_jserp-result_search-card,2024-08-16 04:19:14.306370
Imagine Pediatrics,Software Engineer,https://www.linkedin.com/jobs/view/software-engineer-at-imagine-pediatrics-4000164195?position=51&pageNum=0&refId=jAK6OAr2tWJ%2F9o7NytdsPw%3D%3D&trackingId=5Gp8EApIUBlEm7SBjtKSFw%3D%3D&trk=public_jobs_jserp-result_search-card,2024-08-16 04:19:14.306370
HexaQuEST Global,Full Stack Developer,https://www.linkedin.com/jobs/view/full-stack-developer-at-hexaquest-global-4000469807?position=52&pageNum=0&refId=jAK6OAr2tWJ%2F9o7NytdsPw%3D%3D&trackingId=5UfF9cu4NHssHEILP2TZng%3D%3D&trk=public_jobs_jserp-result_search-card,2024-08-16 04:19:14.306370
Marlee (Fingerprint For Success),Expression of Interest - Full-Stack Engineer,https://www.linkedin.com/jobs/view/expression-of-interest-full-stack-engineer-at-marlee-fingerprint-for-success-3999322047?position=53&pageNum=0&refId=jAK6OAr2tWJ%2F9o7NytdsPw%3D%3D&trackingId=TphnyyWYCynl%2BH9spKH83Q%3D%3D&trk=public_jobs_jserp-result_search-card,2024-08-16 04:19:14.306370
Credit Acceptance,Software Engineer Intern (Fall 2024),https://www.linkedin.com/jobs/view/software-engineer-intern-fall-2024-at-credit-acceptance-3999399187?position=54&pageNum=0&refId=jAK6OAr2tWJ%2F9o7NytdsPw%3D%3D&trackingId=aQZTKtnA5wpZPvC2TXbPpA%3D%3D&trk=public_jobs_jserp-result_search-card,2024-08-16 04:19:14.306370
StackAdapt,"Software Engineer, Stats & Analytics (Intermediate/Senior)",https://www.linkedin.com/jobs/view/software-engineer-stats-analytics-intermediate-senior-at-stackadapt-4000766630?position=55&pageNum=0&refId=jAK6OAr2tWJ%2F9o7NytdsPw%3D%3D&trackingId=mgZ%2Fg%2BToPs1LQuECvHZSRg%3D%3D&trk=public_jobs_jserp-result_search-card,2024-08-16 04:19:14.306370
Tempo,Back End Developer,https://www.linkedin.com/jobs/view/back-end-developer-at-tempo-4000179367?position=56&pageNum=0&refId=jAK6OAr2tWJ%2F9o7NytdsPw%3D%3D&trackingId=6Fw53Z4xz2mzX4%2FLgX6VFA%3D%3D&trk=public_jobs_jserp-result_search-card,2024-08-16 04:19:14.306370
Credit Acceptance,Software Engineer Intern (Fall 2024),https://www.linkedin.com/jobs/view/software-engineer-intern-fall-2024-at-credit-acceptance-3999395798?position=57&pageNum=0&refId=jAK6OAr2tWJ%2F9o7NytdsPw%3D%3D&trackingId=HtEvSCQL2YIFDsv2rdyYsg%3D%3D&trk=public_jobs_jserp-result_search-card,2024-08-16 04:19:14.306370
Zortech Solutions,Full Stack Cloud Engineer,https://www.linkedin.com/jobs/view/full-stack-cloud-engineer-at-zortech-solutions-4000720388?position=58&pageNum=0&refId=jAK6OAr2tWJ%2F9o7NytdsPw%3D%3D&trackingId=JhyaX9OOM5Wjal6mAReOfw%3D%3D&trk=public_jobs_jserp-result_search-card,2024-08-16 04:19:14.306370
CAI,Software Developer,https://www.linkedin.com/jobs/view/software-developer-at-cai-3999633171?position=59&pageNum=0&refId=jAK6OAr2tWJ%2F9o7NytdsPw%3D%3D&trackingId=Up7FPb7C8Nl%2BHji%2Fk%2FP%2FKw%3D%3D&trk=public_jobs_jserp-result_search-card,2024-08-16 04:19:14.306370
Marlee (Fingerprint For Success),Expression of Interest - Senior Software Engineer,https://www.linkedin.com/jobs/view/expression-of-interest-senior-software-engineer-at-marlee-fingerprint-for-success-4002089727?position=60&pageNum=0&refId=jAK6OAr2tWJ%2F9o7NytdsPw%3D%3D&trackingId=179TUPL4RHpmwr4Sf%2FOYNw%3D%3D&trk=public_jobs_jserp-result_search-card,2024-08-16 04:19:14.306370
